<?xml version="1.0" encoding="UTF-8"?>
<metadata xml:lang="en"><Esri><CreaDate>20180202</CreaDate><CreaTime>07341800</CreaTime><ArcGISFormat>1.0</ArcGISFormat><ArcGISstyle>FGDC CSDGM Metadata</ArcGISstyle><SyncOnce>TRUE</SyncOnce><DataProperties><lineage><Process ToolSource="C:\Program Files (x86)\ArcGIS\Desktop10.0\ArcToolbox\Toolboxes\Data Management Tools.tbx\CalculateField" Date="20120824" Time="131416">CalculateField Complete_2012_Tiles TileName [Name] VB #</Process><Process ToolSource="C:\Program Files (x86)\ArcGIS\Desktop10.0\ArcToolbox\Toolboxes\Data Management Tools.tbx\CalculateField" Date="20120824" Time="131437">CalculateField Complete_2012_Tiles Name "Project Area 1 - 2012" VB #</Process><Process ToolSource="C:\Program Files (x86)\ArcGIS\Desktop10.0\ArcToolbox\Toolboxes\Data Management Tools.tbx\CalculateField" Date="20120824" Time="131458">CalculateField Complete_2012_Tiles Agency "State" VB #</Process><Process ToolSource="C:\Program Files (x86)\ArcGIS\Desktop10.0\ArcToolbox\Toolboxes\Data Management Tools.tbx\CalculateField" Date="20120824" Time="131511">CalculateField Complete_2012_Tiles Year "2012" VB #</Process><Process ToolSource="C:\Program Files (x86)\ArcGIS\Desktop10.0\ArcToolbox\Toolboxes\Data Management Tools.tbx\CalculateField" Date="20120824" Time="140619">CalculateField Complete_2012_Tiles Name "KYPAED - Project Area 1 - 2012" VB #</Process><Process ToolSource="C:\Program Files (x86)\ArcGIS\Desktop10.0\ArcToolbox\Toolboxes\Data Management Tools.tbx\CalculateField" Date="20120824" Time="140632">CalculateField Complete_2012_Tiles Agency "KYPAED" VB #</Process><Process ToolSource="C:\Program Files (x86)\ArcGIS\Desktop10.0\ArcToolbox\Toolboxes\Data Management Tools.tbx\CalculateField" Date="20120824" Time="140641">CalculateField Complete_2012_Tiles Program "KYPAED" VB #</Process><Process ToolSource="C:\Program Files (x86)\ArcGIS\Desktop10.0\ArcToolbox\Toolboxes\Data Management Tools.tbx\CalculateField" Date="20120824" Time="140708">CalculateField Complete_2012_Tiles Status "Processing" VB #</Process><Process ToolSource="C:\Program Files (x86)\ArcGIS\Desktop10.0\ArcToolbox\Toolboxes\Data Management Tools.tbx\CalculateField" Date="20120824" Time="140723">CalculateField Complete_2012_Tiles DEM "Yes" VB #</Process><Process ToolSource="C:\Program Files (x86)\ArcGIS\Desktop10.0\ArcToolbox\Toolboxes\Data Management Tools.tbx\CalculateField" Date="20120824" Time="140732">CalculateField Complete_2012_Tiles Breaklines "Yes" VB #</Process><Process ToolSource="C:\Program Files (x86)\ArcGIS\Desktop10.0\ArcToolbox\Toolboxes\Data Management Tools.tbx\CalculateField" Date="20120824" Time="140740">CalculateField Complete_2012_Tiles Classified_LAS "Yes" VB #</Process><Process ToolSource="C:\Program Files (x86)\ArcGIS\Desktop10.0\ArcToolbox\Toolboxes\Data Management Tools.tbx\CalculateField" Date="20120824" Time="140752">CalculateField Complete_2012_Tiles ModelKey_LAS "Yes" VB #</Process><Process ToolSource="C:\Program Files (x86)\ArcGIS\Desktop10.0\ArcToolbox\Toolboxes\Data Management Tools.tbx\CalculateField" Date="20120824" Time="140932">CalculateField Complete_2012_Tiles TileName [Name] VB #</Process><Process ToolSource="C:\Program Files (x86)\ArcGIS\Desktop10.0\ArcToolbox\Toolboxes\Data Management Tools.tbx\CalculateField" Date="20120824" Time="140954">CalculateField Complete_2012_Tiles Name "KYAPED - Project Area 2 - 2012" VB #</Process><Process ToolSource="C:\Program Files (x86)\ArcGIS\Desktop10.0\ArcToolbox\Toolboxes\Data Management Tools.tbx\CalculateField" Date="20120824" Time="141027">CalculateField Complete_2012_Tiles Agency "KYAPED" VB #</Process><Process ToolSource="C:\Program Files (x86)\ArcGIS\Desktop10.0\ArcToolbox\Toolboxes\Data Management Tools.tbx\CalculateField" Date="20120824" Time="141035">CalculateField Complete_2012_Tiles Program "KYAPED" VB #</Process><Process ToolSource="C:\Program Files (x86)\ArcGIS\Desktop10.0\ArcToolbox\Toolboxes\Data Management Tools.tbx\CalculateField" Date="20120824" Time="141045">CalculateField Complete_2012_Tiles Year "2012" VB #</Process><Process ToolSource="C:\Program Files (x86)\ArcGIS\Desktop10.0\ArcToolbox\Toolboxes\Data Management Tools.tbx\CalculateField" Date="20120824" Time="141057">CalculateField Complete_2012_Tiles DEM "Yes" VB #</Process><Process ToolSource="C:\Program Files (x86)\ArcGIS\Desktop10.0\ArcToolbox\Toolboxes\Data Management Tools.tbx\CalculateField" Date="20120824" Time="141635">CalculateField Complete_2012_Tiles Breaklines "Yes" VB #</Process><Process ToolSource="C:\Program Files (x86)\ArcGIS\Desktop10.0\ArcToolbox\Toolboxes\Data Management Tools.tbx\CalculateField" Date="20120824" Time="141651">CalculateField Complete_2012_Tiles Classified_LAS "Yes" VB #</Process><Process ToolSource="C:\Program Files (x86)\ArcGIS\Desktop10.0\ArcToolbox\Toolboxes\Data Management Tools.tbx\CalculateField" Date="20120824" Time="141657">CalculateField Complete_2012_Tiles ModelKey_LAS "Yes" VB #</Process><Process ToolSource="C:\Program Files (x86)\ArcGIS\Desktop10.0\ArcToolbox\Toolboxes\Data Management Tools.tbx\CalculateField" Date="20120824" Time="141712">CalculateField Complete_2012_Tiles Status "Processing" VB #</Process><Process ToolSource="C:\Program Files (x86)\ArcGIS\Desktop10.0\ArcToolbox\Toolboxes\Data Management Tools.tbx\CalculateField" Date="20120827" Time="124721">CalculateField Complete_2012_Tiles TileName [Name] VB #</Process><Process ToolSource="C:\Program Files (x86)\ArcGIS\Desktop10.0\ArcToolbox\Toolboxes\Data Management Tools.tbx\CalculateField" Date="20120827" Time="124749">CalculateField Complete_2012_Tiles Name "KYAPED - Project Area 1 - 2012" VB #</Process><Process ToolSource="C:\Program Files (x86)\ArcGIS\Desktop10.0\ArcToolbox\Toolboxes\Data Management Tools.tbx\CalculateField" Date="20120827" Time="124801">CalculateField Complete_2012_Tiles Agency "KYAPED" VB #</Process><Process ToolSource="C:\Program Files (x86)\ArcGIS\Desktop10.0\ArcToolbox\Toolboxes\Data Management Tools.tbx\CalculateField" Date="20120827" Time="124809">CalculateField Complete_2012_Tiles Program "KYAPED" VB #</Process><Process ToolSource="C:\Program Files (x86)\ArcGIS\Desktop10.0\ArcToolbox\Toolboxes\Data Management Tools.tbx\CalculateField" Date="20120827" Time="124823">CalculateField Complete_2012_Tiles Year "2012" VB #</Process><Process ToolSource="C:\Program Files (x86)\ArcGIS\Desktop10.0\ArcToolbox\Toolboxes\Data Management Tools.tbx\CalculateField" Date="20120827" Time="124838">CalculateField Complete_2012_Tiles Status "In processing" VB #</Process><Process ToolSource="C:\Program Files (x86)\ArcGIS\Desktop10.0\ArcToolbox\Toolboxes\Data Management Tools.tbx\CalculateField" Date="20120827" Time="124852">CalculateField Complete_2012_Tiles DEM "Yes" VB #</Process><Process ToolSource="C:\Program Files (x86)\ArcGIS\Desktop10.0\ArcToolbox\Toolboxes\Data Management Tools.tbx\CalculateField" Date="20120827" Time="124859">CalculateField Complete_2012_Tiles Breaklines "Yes" VB #</Process><Process ToolSource="C:\Program Files (x86)\ArcGIS\Desktop10.0\ArcToolbox\Toolboxes\Data Management Tools.tbx\CalculateField" Date="20120827" Time="124907">CalculateField Complete_2012_Tiles Classified_LAS "Yes" VB #</Process><Process ToolSource="C:\Program Files (x86)\ArcGIS\Desktop10.0\ArcToolbox\Toolboxes\Data Management Tools.tbx\CalculateField" Date="20120827" Time="124916">CalculateField Complete_2012_Tiles ModelKey_LAS "Yes" VB #</Process><Process ToolSource="C:\Program Files (x86)\ArcGIS\Desktop10.0\ArcToolbox\Toolboxes\Data Management Tools.tbx\CalculateField" Date="20120827" Time="124942">CalculateField Complete_2012_Tiles Name "KYAPED - Project Area 2 - 2012" VB #</Process><Process ToolSource="C:\Program Files (x86)\ArcGIS\Desktop10.0\ArcToolbox\Toolboxes\Data Management Tools.tbx\CalculateField" Date="20120827" Time="125350">CalculateField Complete_2012_Tiles TileName [Name] VB #</Process><Process ToolSource="C:\Program Files (x86)\ArcGIS\Desktop10.0\ArcToolbox\Toolboxes\Data Management Tools.tbx\CalculateField" Date="20120827" Time="125438">CalculateField Complete_2012_Tiles Name "KYAPED - Project Area 1 - 2012" VB #</Process><Process ToolSource="C:\Program Files (x86)\ArcGIS\Desktop10.0\ArcToolbox\Toolboxes\Data Management Tools.tbx\CalculateField" Date="20120827" Time="125453">CalculateField Complete_2012_Tiles Agency "KYAPED" VB #</Process><Process ToolSource="C:\Program Files (x86)\ArcGIS\Desktop10.0\ArcToolbox\Toolboxes\Data Management Tools.tbx\CalculateField" Date="20120827" Time="125502">CalculateField Complete_2012_Tiles Program "KYAPED" VB #</Process><Process ToolSource="C:\Program Files (x86)\ArcGIS\Desktop10.0\ArcToolbox\Toolboxes\Data Management Tools.tbx\CalculateField" Date="20120827" Time="125511">CalculateField Complete_2012_Tiles Year "KYAPED" VB #</Process><Process ToolSource="C:\Program Files (x86)\ArcGIS\Desktop10.0\ArcToolbox\Toolboxes\Data Management Tools.tbx\CalculateField" Date="20120827" Time="125522">CalculateField Complete_2012_Tiles Year "2012" VB #</Process><Process ToolSource="C:\Program Files (x86)\ArcGIS\Desktop10.0\ArcToolbox\Toolboxes\Data Management Tools.tbx\CalculateField" Date="20120827" Time="125541">CalculateField Complete_2012_Tiles Status "Winter 2012 Collection" VB #</Process><Process ToolSource="C:\Program Files (x86)\ArcGIS\Desktop10.0\ArcToolbox\Toolboxes\Data Management Tools.tbx\CalculateField" Date="20120827" Time="125557">CalculateField Complete_2012_Tiles DEM "Yes" VB #</Process><Process ToolSource="C:\Program Files (x86)\ArcGIS\Desktop10.0\ArcToolbox\Toolboxes\Data Management Tools.tbx\CalculateField" Date="20120827" Time="125606">CalculateField Complete_2012_Tiles DTM "Yes" VB #</Process><Process ToolSource="C:\Program Files (x86)\ArcGIS\Desktop10.0\ArcToolbox\Toolboxes\Data Management Tools.tbx\CalculateField" Date="20120827" Time="125626">CalculateField Complete_2012_Tiles Breaklines "Yes" VB #</Process><Process ToolSource="C:\Program Files (x86)\ArcGIS\Desktop10.0\ArcToolbox\Toolboxes\Data Management Tools.tbx\CalculateField" Date="20120827" Time="125636">CalculateField Complete_2012_Tiles Classified_LAS "Yes" VB #</Process><Process ToolSource="C:\Program Files (x86)\ArcGIS\Desktop10.0\ArcToolbox\Toolboxes\Data Management Tools.tbx\CalculateField" Date="20120827" Time="125642">CalculateField Complete_2012_Tiles ModelKey_LAS "Yes" VB #</Process><Process ToolSource="C:\Program Files (x86)\ArcGIS\Desktop10.0\ArcToolbox\Toolboxes\Data Management Tools.tbx\CalculateField" Date="20120827" Time="125917">CalculateField Complete_2012_Tiles TileName [Name] VB #</Process><Process ToolSource="C:\Program Files (x86)\ArcGIS\Desktop10.0\ArcToolbox\Toolboxes\Data Management Tools.tbx\CalculateField" Date="20120827" Time="125934">CalculateField Complete_2012_Tiles Name "KYAPED - Project Area 2 - 2012" VB #</Process><Process ToolSource="C:\Program Files (x86)\ArcGIS\Desktop10.0\ArcToolbox\Toolboxes\Data Management Tools.tbx\CalculateField" Date="20120827" Time="125952">CalculateField Complete_2012_Tiles Agency "KYAPED" VB #</Process><Process ToolSource="C:\Program Files (x86)\ArcGIS\Desktop10.0\ArcToolbox\Toolboxes\Data Management Tools.tbx\CalculateField" Date="20120827" Time="125958">CalculateField Complete_2012_Tiles Program "KYAPED" VB #</Process><Process ToolSource="C:\Program Files (x86)\ArcGIS\Desktop10.0\ArcToolbox\Toolboxes\Data Management Tools.tbx\CalculateField" Date="20120827" Time="130008">CalculateField Complete_2012_Tiles Year "2012" VB #</Process><Process ToolSource="C:\Program Files (x86)\ArcGIS\Desktop10.0\ArcToolbox\Toolboxes\Data Management Tools.tbx\CalculateField" Date="20120827" Time="130026">CalculateField Complete_2012_Tiles Status "Winter 2012 Collection" VB #</Process><Process ToolSource="C:\Program Files (x86)\ArcGIS\Desktop10.0\ArcToolbox\Toolboxes\Data Management Tools.tbx\CalculateField" Date="20120827" Time="130037">CalculateField Complete_2012_Tiles DEM "Yes" VB #</Process><Process ToolSource="C:\Program Files (x86)\ArcGIS\Desktop10.0\ArcToolbox\Toolboxes\Data Management Tools.tbx\CalculateField" Date="20120827" Time="130043">CalculateField Complete_2012_Tiles DTM "Yes" VB #</Process><Process ToolSource="C:\Program Files (x86)\ArcGIS\Desktop10.0\ArcToolbox\Toolboxes\Data Management Tools.tbx\CalculateField" Date="20120827" Time="130049">CalculateField Complete_2012_Tiles Breaklines "Yes" VB #</Process><Process ToolSource="C:\Program Files (x86)\ArcGIS\Desktop10.0\ArcToolbox\Toolboxes\Data Management Tools.tbx\CalculateField" Date="20120827" Time="130056">CalculateField Complete_2012_Tiles Classified_LAS "Yes" VB #</Process><Process ToolSource="C:\Program Files (x86)\ArcGIS\Desktop10.0\ArcToolbox\Toolboxes\Data Management Tools.tbx\CalculateField" Date="20120827" Time="130104">CalculateField Complete_2012_Tiles ModelKey_LAS "Yes" VB #</Process><Process ToolSource="C:\Program Files (x86)\ArcGIS\Desktop10.0\ArcToolbox\Toolboxes\Data Management Tools.tbx\CalculateField" Date="20120921" Time="140250">CalculateField FutureLiDARTiles_Standard TileName [Name] VB #</Process><Process ToolSource="C:\Program Files (x86)\ArcGIS\Desktop10.0\ArcToolbox\Toolboxes\Data Management Tools.tbx\CalculateField" Date="20120921" Time="140810">CalculateField FutureLiDARTiles_Standard Name "LOWER MISSISSIPPI-MEMPHIS" VB #</Process><Process ToolSource="C:\Program Files (x86)\ArcGIS\Desktop10.0\ArcToolbox\Toolboxes\Data Management Tools.tbx\CalculateField" Date="20120921" Time="140823">CalculateField FutureLiDARTiles_Standard Agency "DOW/NRCS" VB #</Process><Process ToolSource="C:\Program Files (x86)\ArcGIS\Desktop10.0\ArcToolbox\Toolboxes\Data Management Tools.tbx\CalculateField" Date="20120921" Time="140841">CalculateField FutureLiDARTiles_Standard Year "2012" VB #</Process><Process ToolSource="C:\Program Files (x86)\ArcGIS\Desktop10.0\ArcToolbox\Toolboxes\Data Management Tools.tbx\CalculateField" Date="20120921" Time="140858">CalculateField FutureLiDARTiles_Standard Program "DOW/NRCS COLLABORATION" VB #</Process><Process ToolSource="C:\Program Files (x86)\ArcGIS\Desktop10.0\ArcToolbox\Toolboxes\Data Management Tools.tbx\CalculateField" Date="20120921" Time="140923">CalculateField FutureLiDARTiles_Standard Status "IN PROCESSING" VB #</Process><Process ToolSource="C:\Program Files (x86)\ArcGIS\Desktop10.0\ArcToolbox\Toolboxes\Data Management Tools.tbx\CalculateField" Date="20120921" Time="141012">CalculateField FutureLiDARTiles_Standard Status "In processing" VB #</Process><Process ToolSource="C:\Program Files (x86)\ArcGIS\Desktop10.0\ArcToolbox\Toolboxes\Data Management Tools.tbx\CalculateField" Date="20120921" Time="141023">CalculateField FutureLiDARTiles_Standard DEM "Yes" VB #</Process><Process ToolSource="C:\Program Files (x86)\ArcGIS\Desktop10.0\ArcToolbox\Toolboxes\Data Management Tools.tbx\CalculateField" Date="20120921" Time="141031">CalculateField FutureLiDARTiles_Standard Breaklines "Yes" VB #</Process><Process ToolSource="C:\Program Files (x86)\ArcGIS\Desktop10.0\ArcToolbox\Toolboxes\Data Management Tools.tbx\CalculateField" Date="20120921" Time="141037">CalculateField FutureLiDARTiles_Standard Classified_LAS "Yes" VB #</Process><Process ToolSource="C:\Program Files (x86)\ArcGIS\Desktop10.0\ArcToolbox\Toolboxes\Data Management Tools.tbx\CalculateField" Date="20120921" Time="141044">CalculateField FutureLiDARTiles_Standard ModelKey_LAS "Yes" VB #</Process><Process ToolSource="C:\Program Files (x86)\ArcGIS\Desktop10.0\ArcToolbox\Toolboxes\Data Management Tools.tbx\CalculateField" Date="20120921" Time="141130">CalculateField FutureLiDARTiles_Standard DEM "Yes" VB #</Process><Process ToolSource="C:\Program Files (x86)\ArcGIS\Desktop10.0\ArcToolbox\Toolboxes\Data Management Tools.tbx\CalculateField" Date="20120921" Time="141137">CalculateField FutureLiDARTiles_Standard Breaklines "Yes" VB #</Process><Process ToolSource="C:\Program Files (x86)\ArcGIS\Desktop10.0\ArcToolbox\Toolboxes\Data Management Tools.tbx\CalculateField" Date="20120921" Time="141144">CalculateField FutureLiDARTiles_Standard Classified_LAS "Yes" VB #</Process><Process ToolSource="C:\Program Files (x86)\ArcGIS\Desktop10.0\ArcToolbox\Toolboxes\Data Management Tools.tbx\CalculateField" Date="20120921" Time="141150">CalculateField FutureLiDARTiles_Standard ModelKey_LAS "Yes" VB #</Process><Process ToolSource="C:\Program Files (x86)\ArcGIS\Desktop10.0\ArcToolbox\Toolboxes\Data Management Tools.tbx\CalculateField" Date="20120921" Time="141250">CalculateField FutureLiDARTiles_Standard Name "HATCHIE-OBION" VB #</Process><Process ToolSource="C:\Program Files (x86)\ArcGIS\Desktop10.0\ArcToolbox\Toolboxes\Data Management Tools.tbx\CalculateField" Date="20120921" Time="141312">CalculateField FutureLiDARTiles_Standard Agency "DOW/NRCS" VB #</Process><Process ToolSource="C:\Program Files (x86)\ArcGIS\Desktop10.0\ArcToolbox\Toolboxes\Data Management Tools.tbx\CalculateField" Date="20120921" Time="141327">CalculateField FutureLiDARTiles_Standard Program "DOW/NRCS COLLABORATION" VB #</Process><Process ToolSource="C:\Program Files (x86)\ArcGIS\Desktop10.0\ArcToolbox\Toolboxes\Data Management Tools.tbx\CalculateField" Date="20120921" Time="141342">CalculateField FutureLiDARTiles_Standard Status "In processing" VB #</Process><Process ToolSource="C:\Program Files (x86)\ArcGIS\Desktop10.0\ArcToolbox\Toolboxes\Data Management Tools.tbx\CalculateField" Date="20120921" Time="141355">CalculateField FutureLiDARTiles_Standard Year "2012" VB #</Process><Process ToolSource="C:\Program Files (x86)\ArcGIS\Desktop10.0\ArcToolbox\Toolboxes\Data Management Tools.tbx\CalculateField" Date="20120921" Time="141704">CalculateField FutureLiDARTiles_Standard Name "Tradewater, Green" VB #</Process><Process ToolSource="C:\Program Files (x86)\ArcGIS\Desktop10.0\ArcToolbox\Toolboxes\Data Management Tools.tbx\CalculateField" Date="20120921" Time="141717">CalculateField FutureLiDARTiles_Standard Agency "NRCS" VB #</Process><Process ToolSource="C:\Program Files (x86)\ArcGIS\Desktop10.0\ArcToolbox\Toolboxes\Data Management Tools.tbx\CalculateField" Date="20120921" Time="141727">CalculateField FutureLiDARTiles_Standard Year "2012" VB #</Process><Process ToolSource="C:\Program Files (x86)\ArcGIS\Desktop10.0\ArcToolbox\Toolboxes\Data Management Tools.tbx\CalculateField" Date="20120921" Time="141752">CalculateField FutureLiDARTiles_Standard Program "NRCS" VB #</Process><Process ToolSource="C:\Program Files (x86)\ArcGIS\Desktop10.0\ArcToolbox\Toolboxes\Data Management Tools.tbx\CalculateField" Date="20120921" Time="141807">CalculateField FutureLiDARTiles_Standard Status "In processing" VB #</Process><Process ToolSource="C:\Program Files (x86)\ArcGIS\Desktop10.0\ArcToolbox\Toolboxes\Data Management Tools.tbx\CalculateField" Date="20120921" Time="142155">CalculateField FutureLiDARTiles_Standard Name "LOWER KENTUCKY" VB #</Process><Process ToolSource="C:\Program Files (x86)\ArcGIS\Desktop10.0\ArcToolbox\Toolboxes\Data Management Tools.tbx\CalculateField" Date="20120921" Time="142230">CalculateField FutureLiDARTiles_Standard Agency "DOW" VB #</Process><Process ToolSource="C:\Program Files (x86)\ArcGIS\Desktop10.0\ArcToolbox\Toolboxes\Data Management Tools.tbx\CalculateField" Date="20120921" Time="142312">CalculateField FutureLiDARTiles_Standard Name "Lower Kentucky" VB #</Process><Process ToolSource="C:\Program Files (x86)\ArcGIS\Desktop10.0\ArcToolbox\Toolboxes\Data Management Tools.tbx\CalculateField" Date="20120921" Time="142324">CalculateField FutureLiDARTiles_Standard Program "Risk Map" VB #</Process><Process ToolSource="C:\Program Files (x86)\ArcGIS\Desktop10.0\ArcToolbox\Toolboxes\Data Management Tools.tbx\CalculateField" Date="20120921" Time="142438">CalculateField FutureLiDARTiles_Standard Name "Lower Green" VB #</Process><Process ToolSource="C:\Program Files (x86)\ArcGIS\Desktop10.0\ArcToolbox\Toolboxes\Data Management Tools.tbx\CalculateField" Date="20120921" Time="143527">CalculateField FutureLiDARTiles_Standard TileName [Name] VB #</Process><Process ToolSource="C:\Program Files (x86)\ArcGIS\Desktop10.0\ArcToolbox\Toolboxes\Data Management Tools.tbx\CalculateField" Date="20120921" Time="143543">CalculateField FutureLiDARTiles_Standard Name "KYAPED - Project Area 1 - 2012" VB #</Process><Process ToolSource="C:\Program Files (x86)\ArcGIS\Desktop10.0\ArcToolbox\Toolboxes\Data Management Tools.tbx\CalculateField" Date="20120921" Time="143557">CalculateField FutureLiDARTiles_Standard Agency "KYAPED" VB #</Process><Process ToolSource="C:\Program Files (x86)\ArcGIS\Desktop10.0\ArcToolbox\Toolboxes\Data Management Tools.tbx\CalculateField" Date="20120921" Time="143606">CalculateField FutureLiDARTiles_Standard Program "KYAPED" VB #</Process><Process ToolSource="C:\Program Files (x86)\ArcGIS\Desktop10.0\ArcToolbox\Toolboxes\Data Management Tools.tbx\CalculateField" Date="20120921" Time="143616">CalculateField FutureLiDARTiles_Standard Year "2012" VB #</Process><Process ToolSource="C:\Program Files (x86)\ArcGIS\Desktop10.0\ArcToolbox\Toolboxes\Data Management Tools.tbx\CalculateField" Date="20120921" Time="143635">CalculateField FutureLiDARTiles_Standard DEM "Yes" VB #</Process><Process ToolSource="C:\Program Files (x86)\ArcGIS\Desktop10.0\ArcToolbox\Toolboxes\Data Management Tools.tbx\CalculateField" Date="20120921" Time="143641">CalculateField FutureLiDARTiles_Standard Breaklines "Yes" VB #</Process><Process ToolSource="C:\Program Files (x86)\ArcGIS\Desktop10.0\ArcToolbox\Toolboxes\Data Management Tools.tbx\CalculateField" Date="20120921" Time="143648">CalculateField FutureLiDARTiles_Standard Classified_LAS "Yes" VB #</Process><Process ToolSource="C:\Program Files (x86)\ArcGIS\Desktop10.0\ArcToolbox\Toolboxes\Data Management Tools.tbx\CalculateField" Date="20120921" Time="143656">CalculateField FutureLiDARTiles_Standard ModelKey_LAS "Yes" VB #</Process><Process ToolSource="C:\Program Files (x86)\ArcGIS\Desktop10.0\ArcToolbox\Toolboxes\Data Management Tools.tbx\CalculateField" Date="20120921" Time="143714">CalculateField FutureLiDARTiles_Standard Status "In processing" VB #</Process><Process ToolSource="C:\Program Files (x86)\ArcGIS\Desktop10.0\ArcToolbox\Toolboxes\Data Management Tools.tbx\CalculateField" Date="20120924" Time="081029">CalculateField FutureLiDARTiles_Standard TileName [Name] VB #</Process><Process ToolSource="C:\Program Files (x86)\ArcGIS\Desktop10.0\ArcToolbox\Toolboxes\Data Management Tools.tbx\CalculateField" Date="20120924" Time="082400">CalculateField FutureLiDARTiles_Standard Name "Tradewater, Green" VB #</Process><Process ToolSource="C:\Program Files (x86)\ArcGIS\Desktop10.0\ArcToolbox\Toolboxes\Data Management Tools.tbx\CalculateField" Date="20120924" Time="082414">CalculateField FutureLiDARTiles_Standard Agency "NRCS" VB #</Process><Process ToolSource="C:\Program Files (x86)\ArcGIS\Desktop10.0\ArcToolbox\Toolboxes\Data Management Tools.tbx\CalculateField" Date="20120924" Time="082439">CalculateField FutureLiDARTiles_Standard Year "2012" VB #</Process><Process ToolSource="C:\Program Files (x86)\ArcGIS\Desktop10.0\ArcToolbox\Toolboxes\Data Management Tools.tbx\CalculateField" Date="20120924" Time="082453">CalculateField FutureLiDARTiles_Standard Program "NRCS" VB #</Process><Process ToolSource="C:\Program Files (x86)\ArcGIS\Desktop10.0\ArcToolbox\Toolboxes\Data Management Tools.tbx\CalculateField" Date="20120924" Time="082545">CalculateField FutureLiDARTiles_Standard Status "In processing" VB #</Process><Process ToolSource="C:\Program Files (x86)\ArcGIS\Desktop10.0\ArcToolbox\Toolboxes\Data Management Tools.tbx\CalculateField" Date="20120924" Time="083309">CalculateField FutureLiDARTiles_Standard DEM "Yes" VB #</Process><Process ToolSource="C:\Program Files (x86)\ArcGIS\Desktop10.0\ArcToolbox\Toolboxes\Data Management Tools.tbx\CalculateField" Date="20120924" Time="083319">CalculateField FutureLiDARTiles_Standard Breaklines "Yes" VB #</Process><Process ToolSource="C:\Program Files (x86)\ArcGIS\Desktop10.0\ArcToolbox\Toolboxes\Data Management Tools.tbx\CalculateField" Date="20120924" Time="083327">CalculateField FutureLiDARTiles_Standard Classified_LAS "Yes" VB #</Process><Process ToolSource="C:\Program Files (x86)\ArcGIS\Desktop10.0\ArcToolbox\Toolboxes\Data Management Tools.tbx\CalculateField" Date="20120924" Time="083335">CalculateField FutureLiDARTiles_Standard ModelKey_LAS "Yes" VB #</Process><Process ToolSource="C:\Program Files (x86)\ArcGIS\Desktop10.0\ArcToolbox\Toolboxes\Data Management Tools.tbx\CalculateField" Date="20120924" Time="110605">CalculateField FutureAerialTiles_Standard TileName [Name] VB #</Process><Process ToolSource="C:\Program Files (x86)\ArcGIS\Desktop10.0\ArcToolbox\Toolboxes\Data Management Tools.tbx\CalculateField" Date="20120924" Time="110737">CalculateField FutureAerialTiles_Standard Name "Middle Ohio Laughery" VB #</Process><Process ToolSource="C:\Program Files (x86)\ArcGIS\Desktop10.0\ArcToolbox\Toolboxes\Data Management Tools.tbx\CalculateField" Date="20120924" Time="110815">CalculateField FutureAerialTiles_Standard Name "KYAPED - Project Area 1 - 2012" VB #</Process><Process ToolSource="C:\Program Files (x86)\ArcGIS\Desktop10.0\ArcToolbox\Toolboxes\Data Management Tools.tbx\CalculateField" Date="20120924" Time="110830">CalculateField FutureAerialTiles_Standard Agency "2012" VB #</Process><Process ToolSource="C:\Program Files (x86)\ArcGIS\Desktop10.0\ArcToolbox\Toolboxes\Data Management Tools.tbx\CalculateField" Date="20120924" Time="110837">CalculateField FutureAerialTiles_Standard Year "2012" VB #</Process><Process ToolSource="C:\Program Files (x86)\ArcGIS\Desktop10.0\ArcToolbox\Toolboxes\Data Management Tools.tbx\CalculateField" Date="20120924" Time="110853">CalculateField FutureAerialTiles_Standard Agency "KYAPED" VB #</Process><Process ToolSource="C:\Program Files (x86)\ArcGIS\Desktop10.0\ArcToolbox\Toolboxes\Data Management Tools.tbx\CalculateField" Date="20120924" Time="121050">CalculateField FutureAerialTiles_Standard Program "KYAPED" VB #</Process><Process ToolSource="C:\Program Files (x86)\ArcGIS\Desktop10.0\ArcToolbox\Toolboxes\Data Management Tools.tbx\CalculateField" Date="20120924" Time="121118">CalculateField FutureAerialTiles_Standard Status "In processing" VB #</Process><Process ToolSource="C:\Program Files (x86)\ArcGIS\Desktop10.0\ArcToolbox\Toolboxes\Data Management Tools.tbx\CalculateField" Date="20120924" Time="122034">CalculateField FutureAerialTiles_Standard TileName [Name] VB #</Process><Process ToolSource="C:\Program Files (x86)\ArcGIS\Desktop10.0\ArcToolbox\Toolboxes\Data Management Tools.tbx\CalculateField" Date="20120924" Time="122053">CalculateField FutureAerialTiles_Standard Name "Bullitt, Jefferson and Oldham Counties" VB #</Process><Process ToolSource="C:\Program Files (x86)\ArcGIS\Desktop10.0\ArcToolbox\Toolboxes\Data Management Tools.tbx\CalculateField" Date="20120924" Time="122106">CalculateField FutureAerialTiles_Standard Agency "LOJIC" VB #</Process><Process ToolSource="C:\Program Files (x86)\ArcGIS\Desktop10.0\ArcToolbox\Toolboxes\Data Management Tools.tbx\CalculateField" Date="20120924" Time="122117">CalculateField FutureAerialTiles_Standard Year "2012" VB #</Process><Process ToolSource="C:\Program Files (x86)\ArcGIS\Desktop10.0\ArcToolbox\Toolboxes\Data Management Tools.tbx\CalculateField" Date="20120924" Time="122127">CalculateField FutureAerialTiles_Standard Program "Local" VB #</Process><Process ToolSource="C:\Program Files (x86)\ArcGIS\Desktop10.0\ArcToolbox\Toolboxes\Data Management Tools.tbx\CalculateField" Date="20120924" Time="122145">CalculateField FutureAerialTiles_Standard Status "To be delivered" VB #</Process><Process ToolSource="C:\Program Files (x86)\ArcGIS\Desktop10.0\ArcToolbox\Toolboxes\Data Management Tools.tbx\CalculateField" Date="20120924" Time="122331">CalculateField FutureAerialTiles_Standard Name "KYAPED - Project Area 1 - 2012" VB #</Process><Process ToolSource="C:\Program Files (x86)\ArcGIS\Desktop10.0\ArcToolbox\Toolboxes\Data Management Tools.tbx\CalculateField" Date="20120924" Time="122342">CalculateField FutureAerialTiles_Standard Agency "KYAPED" VB #</Process><Process ToolSource="C:\Program Files (x86)\ArcGIS\Desktop10.0\ArcToolbox\Toolboxes\Data Management Tools.tbx\CalculateField" Date="20120924" Time="122349">CalculateField FutureAerialTiles_Standard Program "KYAPED" VB #</Process><Process ToolSource="C:\Program Files (x86)\ArcGIS\Desktop10.0\ArcToolbox\Toolboxes\Data Management Tools.tbx\CalculateField" Date="20120924" Time="122402">CalculateField FutureAerialTiles_Standard Year "2012" VB #</Process><Process ToolSource="C:\Program Files (x86)\ArcGIS\Desktop10.0\ArcToolbox\Toolboxes\Data Management Tools.tbx\CalculateField" Date="20120924" Time="122418">CalculateField FutureAerialTiles_Standard Status "In processing" VB #</Process><Process ToolSource="C:\Program Files (x86)\ArcGIS\Desktop10.0\ArcToolbox\Toolboxes\Data Management Tools.tbx\CalculateField" Date="20120924" Time="122601">CalculateField FutureAerialTiles_Standard TileName [Name] VB #</Process><Process ToolSource="C:\Program Files (x86)\ArcGIS\Desktop10.0\ArcToolbox\Toolboxes\Data Management Tools.tbx\CalculateField" Date="20120924" Time="122614">CalculateField FutureAerialTiles_Standard Name "Fayette County" VB #</Process><Process ToolSource="C:\Program Files (x86)\ArcGIS\Desktop10.0\ArcToolbox\Toolboxes\Data Management Tools.tbx\CalculateField" Date="20120924" Time="122639">CalculateField FutureAerialTiles_Standard Name "KYAPED - Project Area 1 - 2012" VB #</Process><Process ToolSource="C:\Program Files (x86)\ArcGIS\Desktop10.0\ArcToolbox\Toolboxes\Data Management Tools.tbx\CalculateField" Date="20120924" Time="122652">CalculateField FutureAerialTiles_Standard Agency "KYAPED" VB #</Process><Process ToolSource="C:\Program Files (x86)\ArcGIS\Desktop10.0\ArcToolbox\Toolboxes\Data Management Tools.tbx\CalculateField" Date="20120924" Time="122908">CalculateField FutureAerialTiles_Standard Year "2012" VB #</Process><Process ToolSource="C:\Program Files (x86)\ArcGIS\Desktop10.0\ArcToolbox\Toolboxes\Data Management Tools.tbx\CalculateField" Date="20120924" Time="122921">CalculateField FutureAerialTiles_Standard Program "KYAPED" VB #</Process><Process ToolSource="C:\Program Files (x86)\ArcGIS\Desktop10.0\ArcToolbox\Toolboxes\Data Management Tools.tbx\CalculateField" Date="20120924" Time="122935">CalculateField FutureAerialTiles_Standard Status "In processing" VB #</Process><Process ToolSource="C:\Program Files (x86)\ArcGIS\Desktop10.0\ArcToolbox\Toolboxes\Data Management Tools.tbx\CalculateField" Date="20120924" Time="123514">CalculateField "2012 Data Collection - In processing" Status "In processing" VB #</Process><Process ToolSource="C:\Program Files (x86)\ArcGIS\Desktop10.0\ArcToolbox\Toolboxes\Data Management Tools.tbx\CalculateField" Date="20120924" Time="125418">CalculateField FutureAerialTiles_Standard TileName [Name] VB #</Process><Process ToolSource="C:\Program Files (x86)\ArcGIS\Desktop10.0\ArcToolbox\Toolboxes\Data Management Tools.tbx\CalculateField" Date="20120924" Time="125439">CalculateField FutureAerialTiles_Standard Agency "KYAPED" VB #</Process><Process ToolSource="C:\Program Files (x86)\ArcGIS\Desktop10.0\ArcToolbox\Toolboxes\Data Management Tools.tbx\CalculateField" Date="20120924" Time="125504">CalculateField FutureAerialTiles_Standard Name "KYAPED - Project Area 1 - 2012" VB #</Process><Process ToolSource="C:\Program Files (x86)\ArcGIS\Desktop10.0\ArcToolbox\Toolboxes\Data Management Tools.tbx\CalculateField" Date="20120924" Time="125524">CalculateField FutureAerialTiles_Standard Year "2012" VB #</Process><Process ToolSource="C:\Program Files (x86)\ArcGIS\Desktop10.0\ArcToolbox\Toolboxes\Data Management Tools.tbx\CalculateField" Date="20120924" Time="125537">CalculateField FutureAerialTiles_Standard Program "KYAPED" VB #</Process><Process ToolSource="C:\Program Files (x86)\ArcGIS\Desktop10.0\ArcToolbox\Toolboxes\Data Management Tools.tbx\CalculateField" Date="20120924" Time="125552">CalculateField FutureAerialTiles_Standard Status "In processing" VB #</Process><Process ToolSource="C:\Program Files (x86)\ArcGIS\Desktop10.0\ArcToolbox\Toolboxes\Data Management Tools.tbx\CalculateField" Date="20120924" Time="135447">CalculateField FutureAerialTiles_Standard TileName [Name] VB #</Process><Process ToolSource="C:\Program Files (x86)\ArcGIS\Desktop10.0\ArcToolbox\Toolboxes\Data Management Tools.tbx\CalculateField" Date="20120924" Time="135506">CalculateField FutureAerialTiles_Standard Name "Bullitt, Jefferson and Oldham Counties" VB #</Process><Process ToolSource="C:\Program Files (x86)\ArcGIS\Desktop10.0\ArcToolbox\Toolboxes\Data Management Tools.tbx\CalculateField" Date="20120924" Time="135519">CalculateField FutureAerialTiles_Standard Agency "LOJIC" VB #</Process><Process ToolSource="C:\Program Files (x86)\ArcGIS\Desktop10.0\ArcToolbox\Toolboxes\Data Management Tools.tbx\CalculateField" Date="20120924" Time="135531">CalculateField FutureAerialTiles_Standard Program "2012" VB #</Process><Process ToolSource="C:\Program Files (x86)\ArcGIS\Desktop10.0\ArcToolbox\Toolboxes\Data Management Tools.tbx\CalculateField" Date="20120924" Time="135538">CalculateField FutureAerialTiles_Standard Year "2012" VB #</Process><Process ToolSource="C:\Program Files (x86)\ArcGIS\Desktop10.0\ArcToolbox\Toolboxes\Data Management Tools.tbx\CalculateField" Date="20120924" Time="135550">CalculateField FutureAerialTiles_Standard Program "LOJIC" VB #</Process><Process ToolSource="C:\Program Files (x86)\ArcGIS\Desktop10.0\ArcToolbox\Toolboxes\Data Management Tools.tbx\CalculateField" Date="20120924" Time="135604">CalculateField FutureAerialTiles_Standard Status "To be delivered" VB #</Process><Process ToolSource="C:\Program Files (x86)\ArcGIS\Desktop10.0\ArcToolbox\Toolboxes\Data Management Tools.tbx\CalculateField" Date="20130423" Time="092359">CalculateField FutureAerialTiles TileName [Name] VB #</Process><Process ToolSource="C:\Program Files (x86)\ArcGIS\Desktop10.0\ArcToolbox\Toolboxes\Data Management Tools.tbx\CalculateField" Date="20130423" Time="092455">CalculateField FutureAerialTiles Name "KYAPED - Project Area 1 - 2012" VB #</Process><Process ToolSource="C:\Program Files (x86)\ArcGIS\Desktop10.0\ArcToolbox\Toolboxes\Data Management Tools.tbx\CalculateField" Date="20130423" Time="092516">CalculateField FutureAerialTiles Agency "KYAPED" VB #</Process><Process ToolSource="C:\Program Files (x86)\ArcGIS\Desktop10.0\ArcToolbox\Toolboxes\Data Management Tools.tbx\CalculateField" Date="20130423" Time="092526">CalculateField FutureAerialTiles Program "KYAPED" VB #</Process><Process ToolSource="C:\Program Files (x86)\ArcGIS\Desktop10.0\ArcToolbox\Toolboxes\Data Management Tools.tbx\CalculateField" Date="20130423" Time="092538">CalculateField FutureAerialTiles Year "2012" VB #</Process><Process ToolSource="C:\Program Files (x86)\ArcGIS\Desktop10.0\ArcToolbox\Toolboxes\Data Management Tools.tbx\CalculateField" Date="20130423" Time="092550">CalculateField FutureAerialTiles Status "Existing" VB #</Process><Process ToolSource="C:\Program Files (x86)\ArcGIS\Desktop10.0\ArcToolbox\Toolboxes\Data Management Tools.tbx\CalculateField" Date="20130423" Time="092609">CalculateField FutureAerialTiles Status "Existing" VB #</Process><Process ToolSource="c:\program files (x86)\arcgis\desktop10.1\ArcToolbox\Toolboxes\Data Management Tools.tbx\CalculateField" Date="20130606" Time="105602">CalculateField ExistingAerialTiles Resolution "6 Inch" VB #</Process><Process ToolSource="c:\program files (x86)\arcgis\desktop10.1\ArcToolbox\Toolboxes\Data Management Tools.tbx\CalculateField" Date="20130905" Time="145226">CalculateField ExistingAerialTiles Status "Complete" VB #</Process><Process ToolSource="c:\program files (x86)\arcgis\desktop10.1\ArcToolbox\Toolboxes\Data Management Tools.tbx\CalculateField" Date="20130905" Time="145455">CalculateField ExistingAerialTiles TileName [Name] VB #</Process><Process ToolSource="c:\program files (x86)\arcgis\desktop10.1\ArcToolbox\Toolboxes\Data Management Tools.tbx\CalculateField" Date="20130905" Time="145505">CalculateField ExistingAerialTiles Name "KYAPED - 2013" VB #</Process><Process ToolSource="c:\program files (x86)\arcgis\desktop10.1\ArcToolbox\Toolboxes\Data Management Tools.tbx\CalculateField" Date="20130905" Time="145514">CalculateField ExistingAerialTiles Agency "KYAPED" VB #</Process><Process ToolSource="c:\program files (x86)\arcgis\desktop10.1\ArcToolbox\Toolboxes\Data Management Tools.tbx\CalculateField" Date="20130905" Time="145520">CalculateField ExistingAerialTiles Program "KYAPED" VB #</Process><Process ToolSource="c:\program files (x86)\arcgis\desktop10.1\ArcToolbox\Toolboxes\Data Management Tools.tbx\CalculateField" Date="20130905" Time="145544">CalculateField ExistingAerialTiles Year "2013" VB #</Process><Process ToolSource="c:\program files (x86)\arcgis\desktop10.1\ArcToolbox\Toolboxes\Data Management Tools.tbx\CalculateField" Date="20130905" Time="145554">CalculateField ExistingAerialTiles Status "In processing" VB #</Process><Process ToolSource="c:\program files (x86)\arcgis\desktop10.1\ArcToolbox\Toolboxes\Data Management Tools.tbx\CalculateField" Date="20130905" Time="145648">CalculateField ExistingAerialTiles TileName [Name] VB #</Process><Process ToolSource="c:\program files (x86)\arcgis\desktop10.1\ArcToolbox\Toolboxes\Data Management Tools.tbx\CalculateField" Date="20130905" Time="145657">CalculateField ExistingAerialTiles Agency "KYAPED" VB #</Process><Process ToolSource="c:\program files (x86)\arcgis\desktop10.1\ArcToolbox\Toolboxes\Data Management Tools.tbx\CalculateField" Date="20130905" Time="145701">CalculateField ExistingAerialTiles Program "KYAPED" VB #</Process><Process ToolSource="c:\program files (x86)\arcgis\desktop10.1\ArcToolbox\Toolboxes\Data Management Tools.tbx\CalculateField" Date="20130905" Time="145710">CalculateField ExistingAerialTiles Name "KYAPED - 2014" VB #</Process><Process ToolSource="c:\program files (x86)\arcgis\desktop10.1\ArcToolbox\Toolboxes\Data Management Tools.tbx\CalculateField" Date="20130905" Time="145718">CalculateField ExistingAerialTiles Year "2014" VB #</Process><Process ToolSource="c:\program files (x86)\arcgis\desktop10.1\ArcToolbox\Toolboxes\Data Management Tools.tbx\CalculateField" Date="20130905" Time="145728">CalculateField ExistingAerialTiles Status "To be Collected" VB #</Process><Process ToolSource="c:\program files (x86)\arcgis\desktop10.1\ArcToolbox\Toolboxes\Data Management Tools.tbx\CalculateField" Date="20130906" Time="080110">CalculateField Aerial_KY_5k_Tiles Resolution "12 Inch" VB #</Process><Process ToolSource="c:\program files (x86)\arcgis\desktop10.1\ArcToolbox\Toolboxes\Data Management Tools.tbx\CalculateField" Date="20131118" Time="094902">CalculateField Aerial_KY_5k_Tiles Name "KYAPED-2014" VB #</Process><Process ToolSource="c:\program files (x86)\arcgis\desktop10.1\ArcToolbox\Toolboxes\Data Management Tools.tbx\CalculateField" Date="20131118" Time="094924">CalculateField Aerial_KY_5k_Tiles Name "KYAPED - 2014" VB #</Process><Process ToolSource="c:\program files (x86)\arcgis\desktop10.1\ArcToolbox\Toolboxes\Data Management Tools.tbx\CalculateField" Date="20131118" Time="094933">CalculateField Aerial_KY_5k_Tiles Agency "KYAPED" VB #</Process><Process ToolSource="c:\program files (x86)\arcgis\desktop10.1\ArcToolbox\Toolboxes\Data Management Tools.tbx\CalculateField" Date="20131118" Time="094939">CalculateField Aerial_KY_5k_Tiles Program "KYAPED" VB #</Process><Process ToolSource="c:\program files (x86)\arcgis\desktop10.1\ArcToolbox\Toolboxes\Data Management Tools.tbx\CalculateField" Date="20131118" Time="094947">CalculateField Aerial_KY_5k_Tiles Year "2014" VB #</Process><Process ToolSource="c:\program files (x86)\arcgis\desktop10.1\ArcToolbox\Toolboxes\Data Management Tools.tbx\CalculateField" Date="20131118" Time="094959">CalculateField Aerial_KY_5k_Tiles Status "To be Collected" VB #</Process><Process ToolSource="c:\program files (x86)\arcgis\desktop10.1\ArcToolbox\Toolboxes\Data Management Tools.tbx\CalculateField" Date="20131118" Time="095007">CalculateField Aerial_KY_5k_Tiles Resolution "12 Inch" VB #</Process><Process ToolSource="c:\program files (x86)\arcgis\desktop10.1\ArcToolbox\Toolboxes\Data Management Tools.tbx\CalculateField" Date="20131118" Time="095224">CalculateField Aerial_KY_5k_Tiles Resolution "6 Inch" VB #</Process><Process ToolSource="c:\program files (x86)\arcgis\desktop10.1\ArcToolbox\Toolboxes\Data Management Tools.tbx\CalculateField" Date="20140310" Time="101810">CalculateField Aerial_KY_5k_Tiles Resolution "6 Inch" VB #</Process><Process ToolSource="c:\program files (x86)\arcgis\desktop10.1\ArcToolbox\Toolboxes\Data Management Tools.tbx\CalculateField" Date="20140505" Time="105928">CalculateField Aerial_KY_5k_Tiles Resolution "12 Inch" VB #</Process><Process ToolSource="c:\program files (x86)\arcgis\desktop10.1\ArcToolbox\Toolboxes\Data Management Tools.tbx\CalculateField" Date="20140505" Time="110026">CalculateField Aerial_KY_5k_Tiles TileName [Name] VB #</Process><Process ToolSource="c:\program files (x86)\arcgis\desktop10.1\ArcToolbox\Toolboxes\Data Management Tools.tbx\CalculateField" Date="20140505" Time="110038">CalculateField Aerial_KY_5k_Tiles Name "Lower Mississippi-Memphis" VB #</Process><Process ToolSource="c:\program files (x86)\arcgis\desktop10.1\ArcToolbox\Toolboxes\Data Management Tools.tbx\CalculateField" Date="20140505" Time="110047">CalculateField Aerial_KY_5k_Tiles Agency "DOW - NRCS" VB #</Process><Process ToolSource="c:\program files (x86)\arcgis\desktop10.1\ArcToolbox\Toolboxes\Data Management Tools.tbx\CalculateField" Date="20140505" Time="110050">CalculateField Aerial_KY_5k_Tiles Program "DOW - NRCS" VB #</Process><Process ToolSource="c:\program files (x86)\arcgis\desktop10.1\ArcToolbox\Toolboxes\Data Management Tools.tbx\CalculateField" Date="20140505" Time="110059">CalculateField Aerial_KY_5k_Tiles Year "2011" VB #</Process><Process ToolSource="c:\program files (x86)\arcgis\desktop10.1\ArcToolbox\Toolboxes\Data Management Tools.tbx\CalculateField" Date="20140505" Time="110106">CalculateField Aerial_KY_5k_Tiles Status "Complete" VB #</Process><Process ToolSource="c:\program files (x86)\arcgis\desktop10.1\ArcToolbox\Toolboxes\Data Management Tools.tbx\CalculateField" Date="20140505" Time="110114">CalculateField Aerial_KY_5k_Tiles Resolution "12 Inch" VB #</Process><Process ToolSource="c:\program files (x86)\arcgis\desktop10.1\ArcToolbox\Toolboxes\Data Management Tools.tbx\CalculateField" Date="20140505" Time="110355">CalculateField Aerial_KY_5k_Tiles Resolution "12 inch" VB #</Process><Process ToolSource="c:\program files (x86)\arcgis\desktop10.1\ArcToolbox\Toolboxes\Data Management Tools.tbx\CalculateField" Date="20140505" Time="110413">CalculateField Aerial_KY_5k_Tiles Resolution "12 Inch" VB #</Process><Process ToolSource="c:\program files (x86)\arcgis\desktop10.1\ArcToolbox\Toolboxes\Data Management Tools.tbx\CalculateField" Date="20140505" Time="123317">CalculateField Aerial_KY_5k_Tiles TileName [Name] VB #</Process><Process ToolSource="c:\program files (x86)\arcgis\desktop10.1\ArcToolbox\Toolboxes\Data Management Tools.tbx\CalculateField" Date="20140505" Time="123327">CalculateField Aerial_KY_5k_Tiles Name "Lower Mississippi-Memphis" VB #</Process><Process ToolSource="c:\program files (x86)\arcgis\desktop10.1\ArcToolbox\Toolboxes\Data Management Tools.tbx\CalculateField" Date="20140505" Time="123339">CalculateField Aerial_KY_5k_Tiles Agency "DOW - NRCS" VB #</Process><Process ToolSource="c:\program files (x86)\arcgis\desktop10.1\ArcToolbox\Toolboxes\Data Management Tools.tbx\CalculateField" Date="20140505" Time="123348">CalculateField Aerial_KY_5k_Tiles Program "DOW - NRCS" VB #</Process><Process ToolSource="c:\program files (x86)\arcgis\desktop10.1\ArcToolbox\Toolboxes\Data Management Tools.tbx\CalculateField" Date="20140505" Time="123356">CalculateField Aerial_KY_5k_Tiles Year "2011" VB #</Process><Process ToolSource="c:\program files (x86)\arcgis\desktop10.1\ArcToolbox\Toolboxes\Data Management Tools.tbx\CalculateField" Date="20140505" Time="123405">CalculateField Aerial_KY_5k_Tiles Status "Complete" VB #</Process><Process ToolSource="c:\program files (x86)\arcgis\desktop10.1\ArcToolbox\Toolboxes\Data Management Tools.tbx\CalculateField" Date="20140505" Time="123412">CalculateField Aerial_KY_5k_Tiles Resolution "12 Inch" VB #</Process><Process ToolSource="c:\program files (x86)\arcgis\desktop10.1\ArcToolbox\Toolboxes\Data Management Tools.tbx\CalculateField" Date="20140505" Time="125457">CalculateField Aerial_KY_5k_Tiles TileName [Name] VB #</Process><Process ToolSource="c:\program files (x86)\arcgis\desktop10.1\ArcToolbox\Toolboxes\Data Management Tools.tbx\CalculateField" Date="20140505" Time="125513">CalculateField Aerial_KY_5k_Tiles Name "KYAPED - 2013" VB #</Process><Process ToolSource="c:\program files (x86)\arcgis\desktop10.1\ArcToolbox\Toolboxes\Data Management Tools.tbx\CalculateField" Date="20140505" Time="125522">CalculateField Aerial_KY_5k_Tiles Agency "KYAPED" VB #</Process><Process ToolSource="c:\program files (x86)\arcgis\desktop10.1\ArcToolbox\Toolboxes\Data Management Tools.tbx\CalculateField" Date="20140505" Time="125529">CalculateField Aerial_KY_5k_Tiles Program "2013" VB #</Process><Process ToolSource="c:\program files (x86)\arcgis\desktop10.1\ArcToolbox\Toolboxes\Data Management Tools.tbx\CalculateField" Date="20140505" Time="125534">CalculateField Aerial_KY_5k_Tiles Year "2013" VB #</Process><Process ToolSource="c:\program files (x86)\arcgis\desktop10.1\ArcToolbox\Toolboxes\Data Management Tools.tbx\CalculateField" Date="20140505" Time="125543">CalculateField Aerial_KY_5k_Tiles Program "KYAPED" VB #</Process><Process ToolSource="c:\program files (x86)\arcgis\desktop10.1\ArcToolbox\Toolboxes\Data Management Tools.tbx\CalculateField" Date="20140505" Time="125555">CalculateField Aerial_KY_5k_Tiles Status "Complete" VB #</Process><Process ToolSource="c:\program files (x86)\arcgis\desktop10.1\ArcToolbox\Toolboxes\Data Management Tools.tbx\CalculateField" Date="20140505" Time="125604">CalculateField Aerial_KY_5k_Tiles Resolution "12 Inch" VB #</Process><Process ToolSource="c:\program files (x86)\arcgis\desktop10.1\ArcToolbox\Toolboxes\Data Management Tools.tbx\CalculateField" Date="20140505" Time="130006">CalculateField Aerial_KY_5k_Tiles TileName [Name] VB #</Process><Process ToolSource="c:\program files (x86)\arcgis\desktop10.1\ArcToolbox\Toolboxes\Data Management Tools.tbx\CalculateField" Date="20140505" Time="130015">CalculateField Aerial_KY_5k_Tiles Name "KYAPED - 2013" VB #</Process><Process ToolSource="c:\program files (x86)\arcgis\desktop10.1\ArcToolbox\Toolboxes\Data Management Tools.tbx\CalculateField" Date="20140505" Time="130024">CalculateField Aerial_KY_5k_Tiles Agency "KYAPED" VB #</Process><Process ToolSource="c:\program files (x86)\arcgis\desktop10.1\ArcToolbox\Toolboxes\Data Management Tools.tbx\CalculateField" Date="20140505" Time="130029">CalculateField Aerial_KY_5k_Tiles Program "KYAPED" VB #</Process><Process ToolSource="c:\program files (x86)\arcgis\desktop10.1\ArcToolbox\Toolboxes\Data Management Tools.tbx\CalculateField" Date="20140505" Time="130035">CalculateField Aerial_KY_5k_Tiles Year "2013" VB #</Process><Process ToolSource="c:\program files (x86)\arcgis\desktop10.1\ArcToolbox\Toolboxes\Data Management Tools.tbx\CalculateField" Date="20140505" Time="130205">CalculateField Aerial_KY_5k_Tiles Status "Complete" VB #</Process><Process ToolSource="c:\program files (x86)\arcgis\desktop10.1\ArcToolbox\Toolboxes\Data Management Tools.tbx\CalculateField" Date="20140505" Time="130215">CalculateField Aerial_KY_5k_Tiles Resolution "12 Inch" VB #</Process><Process ToolSource="c:\program files (x86)\arcgis\desktop10.1\ArcToolbox\Toolboxes\Data Management Tools.tbx\CalculateField" Date="20140505" Time="132010">CalculateField Aerial_KY_5k_Tiles TileName [Name] VB #</Process><Process ToolSource="c:\program files (x86)\arcgis\desktop10.1\ArcToolbox\Toolboxes\Data Management Tools.tbx\CalculateField" Date="20140505" Time="132034">CalculateField Aerial_KY_5k_Tiles Name "KYAPED - 2013" VB #</Process><Process ToolSource="c:\program files (x86)\arcgis\desktop10.1\ArcToolbox\Toolboxes\Data Management Tools.tbx\CalculateField" Date="20140505" Time="132043">CalculateField Aerial_KY_5k_Tiles Agency "KYAPED" VB #</Process><Process ToolSource="c:\program files (x86)\arcgis\desktop10.1\ArcToolbox\Toolboxes\Data Management Tools.tbx\CalculateField" Date="20140505" Time="132047">CalculateField Aerial_KY_5k_Tiles Program "KYAPED" VB #</Process><Process ToolSource="c:\program files (x86)\arcgis\desktop10.1\ArcToolbox\Toolboxes\Data Management Tools.tbx\CalculateField" Date="20140505" Time="132055">CalculateField Aerial_KY_5k_Tiles Year "2013" VB #</Process><Process ToolSource="c:\program files (x86)\arcgis\desktop10.1\ArcToolbox\Toolboxes\Data Management Tools.tbx\CalculateField" Date="20140505" Time="132109">CalculateField Aerial_KY_5k_Tiles Status "Complete" VB #</Process><Process ToolSource="c:\program files (x86)\arcgis\desktop10.1\ArcToolbox\Toolboxes\Data Management Tools.tbx\CalculateField" Date="20140505" Time="132118">CalculateField Aerial_KY_5k_Tiles Resolution "6 Inch" VB #</Process><Process ToolSource="c:\program files (x86)\arcgis\desktop10.1\ArcToolbox\Toolboxes\Data Management Tools.tbx\CalculateField" Date="20140506" Time="070957">CalculateField Aerial_KY_5k_Tiles TileName [Name] VB #</Process><Process ToolSource="c:\program files (x86)\arcgis\desktop10.1\ArcToolbox\Toolboxes\Data Management Tools.tbx\CalculateField" Date="20140506" Time="071013">CalculateField Aerial_KY_5k_Tiles Name "KYAPED - 2013" VB #</Process><Process ToolSource="c:\program files (x86)\arcgis\desktop10.1\ArcToolbox\Toolboxes\Data Management Tools.tbx\CalculateField" Date="20140506" Time="071025">CalculateField Aerial_KY_5k_Tiles Agency "KYAPED" VB #</Process><Process ToolSource="c:\program files (x86)\arcgis\desktop10.1\ArcToolbox\Toolboxes\Data Management Tools.tbx\CalculateField" Date="20140506" Time="071034">CalculateField Aerial_KY_5k_Tiles Program "2013" VB #</Process><Process ToolSource="c:\program files (x86)\arcgis\desktop10.1\ArcToolbox\Toolboxes\Data Management Tools.tbx\CalculateField" Date="20140506" Time="071041">CalculateField Aerial_KY_5k_Tiles Year "2013" VB #</Process><Process ToolSource="c:\program files (x86)\arcgis\desktop10.1\ArcToolbox\Toolboxes\Data Management Tools.tbx\CalculateField" Date="20140506" Time="071051">CalculateField Aerial_KY_5k_Tiles Program "KYAPED" VB #</Process><Process ToolSource="c:\program files (x86)\arcgis\desktop10.1\ArcToolbox\Toolboxes\Data Management Tools.tbx\CalculateField" Date="20140506" Time="071104">CalculateField Aerial_KY_5k_Tiles Status "Complete" VB #</Process><Process ToolSource="c:\program files (x86)\arcgis\desktop10.1\ArcToolbox\Toolboxes\Data Management Tools.tbx\CalculateField" Date="20140506" Time="071119">CalculateField Aerial_KY_5k_Tiles Resolution "12 Inch" VB #</Process><Process ToolSource="c:\program files (x86)\arcgis\desktop10.1\ArcToolbox\Toolboxes\Data Management Tools.tbx\CalculateField" Date="20140506" Time="140439">CalculateField Aerial_KY_5k_Tiles TileName [Name] VB #</Process><Process ToolSource="c:\program files (x86)\arcgis\desktop10.1\ArcToolbox\Toolboxes\Data Management Tools.tbx\CalculateField" Date="20140506" Time="140455">CalculateField Aerial_KY_5k_Tiles Name "KYAPED - 2013" VB #</Process><Process ToolSource="c:\program files (x86)\arcgis\desktop10.1\ArcToolbox\Toolboxes\Data Management Tools.tbx\CalculateField" Date="20140506" Time="140506">CalculateField Aerial_KY_5k_Tiles Agency "KYAPED" VB #</Process><Process ToolSource="c:\program files (x86)\arcgis\desktop10.1\ArcToolbox\Toolboxes\Data Management Tools.tbx\CalculateField" Date="20140506" Time="140510">CalculateField Aerial_KY_5k_Tiles Program "KYAPED" VB #</Process><Process ToolSource="c:\program files (x86)\arcgis\desktop10.1\ArcToolbox\Toolboxes\Data Management Tools.tbx\CalculateField" Date="20140506" Time="140520">CalculateField Aerial_KY_5k_Tiles Year "2013" VB #</Process><Process ToolSource="c:\program files (x86)\arcgis\desktop10.1\ArcToolbox\Toolboxes\Data Management Tools.tbx\CalculateField" Date="20140506" Time="140533">CalculateField Aerial_KY_5k_Tiles Status "Complete" VB #</Process><Process ToolSource="c:\program files (x86)\arcgis\desktop10.1\ArcToolbox\Toolboxes\Data Management Tools.tbx\CalculateField" Date="20140506" Time="140544">CalculateField Aerial_KY_5k_Tiles Resolution "12 Inch" VB #</Process><Process ToolSource="c:\program files (x86)\arcgis\desktop10.1\ArcToolbox\Toolboxes\Data Management Tools.tbx\CalculateField" Date="20140506" Time="141007">CalculateField Aerial_KY_5k_Tiles TileName [Name] VB #</Process><Process ToolSource="c:\program files (x86)\arcgis\desktop10.1\ArcToolbox\Toolboxes\Data Management Tools.tbx\CalculateField" Date="20140506" Time="141022">CalculateField Aerial_KY_5k_Tiles Name "KYAPED - 2013" VB #</Process><Process ToolSource="c:\program files (x86)\arcgis\desktop10.1\ArcToolbox\Toolboxes\Data Management Tools.tbx\CalculateField" Date="20140506" Time="141035">CalculateField Aerial_KY_5k_Tiles Agency "KYAPED" VB #</Process><Process ToolSource="c:\program files (x86)\arcgis\desktop10.1\ArcToolbox\Toolboxes\Data Management Tools.tbx\CalculateField" Date="20140506" Time="141044">CalculateField Aerial_KY_5k_Tiles Program "KYAPED" VB #</Process><Process ToolSource="c:\program files (x86)\arcgis\desktop10.1\ArcToolbox\Toolboxes\Data Management Tools.tbx\CalculateField" Date="20140506" Time="141053">CalculateField Aerial_KY_5k_Tiles Year "2013" VB #</Process><Process ToolSource="c:\program files (x86)\arcgis\desktop10.1\ArcToolbox\Toolboxes\Data Management Tools.tbx\CalculateField" Date="20140506" Time="141105">CalculateField Aerial_KY_5k_Tiles Status "Complete" VB #</Process><Process ToolSource="c:\program files (x86)\arcgis\desktop10.1\ArcToolbox\Toolboxes\Data Management Tools.tbx\CalculateField" Date="20140506" Time="141117">CalculateField Aerial_KY_5k_Tiles Resolution "12 Inch" VB #</Process><Process ToolSource="c:\program files (x86)\arcgis\desktop10.1\ArcToolbox\Toolboxes\Data Management Tools.tbx\CalculateField" Date="20140506" Time="141527">CalculateField Aerial_KY_5k_Tiles TileName [Name] VB #</Process><Process ToolSource="c:\program files (x86)\arcgis\desktop10.1\ArcToolbox\Toolboxes\Data Management Tools.tbx\CalculateField" Date="20140506" Time="141539">CalculateField Aerial_KY_5k_Tiles Name "Bullitt, Jefferson and Oldham Counties" VB #</Process><Process ToolSource="c:\program files (x86)\arcgis\desktop10.1\ArcToolbox\Toolboxes\Data Management Tools.tbx\CalculateField" Date="20140506" Time="141552">CalculateField Aerial_KY_5k_Tiles Agency "LOJIC" VB #</Process><Process ToolSource="c:\program files (x86)\arcgis\desktop10.1\ArcToolbox\Toolboxes\Data Management Tools.tbx\CalculateField" Date="20140506" Time="141600">CalculateField Aerial_KY_5k_Tiles Program "LOJIC" VB #</Process><Process ToolSource="c:\program files (x86)\arcgis\desktop10.1\ArcToolbox\Toolboxes\Data Management Tools.tbx\CalculateField" Date="20140506" Time="141609">CalculateField Aerial_KY_5k_Tiles Year "2012" VB #</Process><Process ToolSource="c:\program files (x86)\arcgis\desktop10.1\ArcToolbox\Toolboxes\Data Management Tools.tbx\CalculateField" Date="20140506" Time="141619">CalculateField Aerial_KY_5k_Tiles Status "Complete" VB #</Process><Process ToolSource="c:\program files (x86)\arcgis\desktop10.1\ArcToolbox\Toolboxes\Data Management Tools.tbx\CalculateField" Date="20140506" Time="141630">CalculateField Aerial_KY_5k_Tiles Resolution "6 Inch" VB #</Process><Process ToolSource="c:\program files (x86)\arcgis\desktop10.1\ArcToolbox\Toolboxes\Data Management Tools.tbx\CalculateField" Date="20140506" Time="144049">CalculateField Aerial_KY_5k_Tiles Name "KYAPED - 2013" VB #</Process><Process ToolSource="c:\program files (x86)\arcgis\desktop10.1\ArcToolbox\Toolboxes\Data Management Tools.tbx\CalculateField" Date="20140506" Time="144058">CalculateField Aerial_KY_5k_Tiles Agency "KYAPED" VB #</Process><Process ToolSource="c:\program files (x86)\arcgis\desktop10.1\ArcToolbox\Toolboxes\Data Management Tools.tbx\CalculateField" Date="20140506" Time="144102">CalculateField Aerial_KY_5k_Tiles Program "KYAPED" VB #</Process><Process ToolSource="c:\program files (x86)\arcgis\desktop10.1\ArcToolbox\Toolboxes\Data Management Tools.tbx\CalculateField" Date="20140506" Time="144116">CalculateField Aerial_KY_5k_Tiles Year "2013" VB #</Process><Process ToolSource="c:\program files (x86)\arcgis\desktop10.1\ArcToolbox\Toolboxes\Data Management Tools.tbx\CalculateField" Date="20140506" Time="145502">CalculateField Aerial_KY_5k_Tiles TileName [Name] VB #</Process><Process ToolSource="c:\program files (x86)\arcgis\desktop10.1\ArcToolbox\Toolboxes\Data Management Tools.tbx\CalculateField" Date="20140507" Time="090559">CalculateField Aerial_KY_5k_Tiles Resolution "12 Inch" VB #</Process><Process ToolSource="c:\program files (x86)\arcgis\desktop10.1\ArcToolbox\Toolboxes\Data Management Tools.tbx\CalculateField" Date="20140512" Time="144550">CalculateField Aerial_KY_5k_Tiles Status "Complete" VB #</Process><Process ToolSource="c:\program files (x86)\arcgis\desktop10.1\ArcToolbox\Toolboxes\Data Management Tools.tbx\CalculateField" Date="20140512" Time="144748">CalculateField Aerial_KY_5k_Tiles Status "Complete" VB #</Process><Process ToolSource="c:\program files (x86)\arcgis\desktop10.1\ArcToolbox\Toolboxes\Data Management Tools.tbx\CalculateField" Date="20140512" Time="144817">CalculateField Aerial_KY_5k_Tiles Status "In Processing" VB #</Process><Process ToolSource="c:\program files (x86)\arcgis\desktop10.1\ArcToolbox\Toolboxes\Data Management Tools.tbx\CalculateField" Date="20140512" Time="144838">CalculateField Aerial_KY_5k_Tiles Status ""'In Progress"" VB #</Process><Process ToolSource="c:\program files (x86)\arcgis\desktop10.1\ArcToolbox\Toolboxes\Data Management Tools.tbx\CalculateField" Date="20140512" Time="144852">CalculateField Aerial_KY_5k_Tiles Status "In Progress" VB #</Process><Process ToolSource="c:\program files (x86)\arcgis\desktop10.1\ArcToolbox\Toolboxes\Data Management Tools.tbx\CalculateField" Date="20140516" Time="094049">CalculateField Aerial_KY_5k_Tiles ftppath ""ftp://ftp.kymartian.ky.gov/kyaped/lojic2012/"+ [TileName]+".zip"" VB #</Process><Process ToolSource="c:\program files (x86)\arcgis\desktop10.1\ArcToolbox\Toolboxes\Data Management Tools.tbx\CalculateField" Date="20140516" Time="094154">CalculateField Aerial_KY_5k_Tiles ftppath ""ftp://ftp.kymartian.ky.gov/kyaped/KYAPED_2013_1FT/"+ [TileName]+".zip"" VB #</Process><Process ToolSource="c:\program files (x86)\arcgis\desktop10.1\ArcToolbox\Toolboxes\Data Management Tools.tbx\CalculateField" Date="20140516" Time="094248">CalculateField Aerial_KY_5k_Tiles ftppath ""ftp://ftp.kymartian.ky.gov/kyaped/mccracken2013/"+ [TileName]+".zip"" VB #</Process><Process ToolSource="c:\program files (x86)\arcgis\desktop10.1\ArcToolbox\Toolboxes\Data Management Tools.tbx\CalculateField" Date="20140516" Time="094332">CalculateField Aerial_KY_5k_Tiles ftppath ""ftp://ftp.kymartian.ky.gov/kyaped/KYAPED_2012_1FT/"+ [TileName]+".zip"" VB #</Process><Process ToolSource="c:\program files (x86)\arcgis\desktop10.1\ArcToolbox\Toolboxes\Data Management Tools.tbx\CalculateField" Date="20140516" Time="094432">CalculateField Aerial_KY_5k_Tiles ftppath ""ftp://ftp.kymartian.ky.gov/kyaped/nky2012/"+ [TileName]+".zip"" VB #</Process><Process ToolSource="c:\program files (x86)\arcgis\desktop10.1\ArcToolbox\Toolboxes\Data Management Tools.tbx\CalculateField" Date="20140516" Time="094545">CalculateField Aerial_KY_5k_Tiles ftppath ""ftp://ftp.kymartian.ky.gov/kyaped/franklin2012/"+ [TileName]+".zip"" VB #</Process><Process ToolSource="c:\program files (x86)\arcgis\desktop10.1\ArcToolbox\Toolboxes\Data Management Tools.tbx\CalculateField" Date="20140516" Time="094646">CalculateField Aerial_KY_5k_Tiles ftppath ""ftp://ftp.kymartian.ky.gov/kyaped/KYAPED_2014_1FT/"+ [TileName]+".zip"" VB #</Process><Process ToolSource="c:\program files (x86)\arcgis\desktop10.1\ArcToolbox\Toolboxes\Data Management Tools.tbx\CalculateField" Date="20140516" Time="094733">CalculateField Aerial_KY_5k_Tiles ftppath ""ftp://ftp.kymartian.ky.gov/kyaped/hopkins2013/"+ [TileName]+".zip"" VB #</Process><Process ToolSource="c:\program files (x86)\arcgis\desktop10.1\ArcToolbox\Toolboxes\Data Management Tools.tbx\CalculateField" Date="20140516" Time="095217">CalculateField Aerial_KY_5k_Tiles check "ftp://ftp.kymartian.ky.gov/kyaped/lojic2012/" VB #</Process><Process ToolSource="c:\program files (x86)\arcgis\desktop10.1\ArcToolbox\Toolboxes\Data Management Tools.tbx\CalculateField" Date="20140516" Time="095301">CalculateField Aerial_KY_5k_Tiles check "ftp://ftp.kymartian.ky.gov/kyaped/KYAPED_2013_1FT/" VB #</Process><Process ToolSource="c:\program files (x86)\arcgis\desktop10.1\ArcToolbox\Toolboxes\Data Management Tools.tbx\CalculateField" Date="20140516" Time="095330">CalculateField Aerial_KY_5k_Tiles check "ftp://ftp.kymartian.ky.gov/kyaped/mccracken2013/" VB #</Process><Process ToolSource="c:\program files (x86)\arcgis\desktop10.1\ArcToolbox\Toolboxes\Data Management Tools.tbx\CalculateField" Date="20140516" Time="095405">CalculateField Aerial_KY_5k_Tiles check "ftp://ftp.kymartian.ky.gov/kyaped/KYAPED_2014_1FT/" VB #</Process><Process ToolSource="c:\program files (x86)\arcgis\desktop10.1\ArcToolbox\Toolboxes\Data Management Tools.tbx\CalculateField" Date="20140516" Time="095428">CalculateField Aerial_KY_5k_Tiles check "ftp://ftp.kymartian.ky.gov/kyaped/hopkins2013/" VB #</Process><Process ToolSource="c:\program files (x86)\arcgis\desktop10.1\ArcToolbox\Toolboxes\Data Management Tools.tbx\CalculateField" Date="20140516" Time="095510">CalculateField Aerial_KY_5k_Tiles check "ftp://ftp.kymartian.ky.gov/kyaped/KYAPED_2012_1FT/" VB #</Process><Process ToolSource="c:\program files (x86)\arcgis\desktop10.1\ArcToolbox\Toolboxes\Data Management Tools.tbx\CalculateField" Date="20140516" Time="095545">CalculateField Aerial_KY_5k_Tiles check "ftp://ftp.kymartian.ky.gov/kyaped/nky2012/" VB #</Process><Process ToolSource="c:\program files (x86)\arcgis\desktop10.1\ArcToolbox\Toolboxes\Data Management Tools.tbx\CalculateField" Date="20140516" Time="095617">CalculateField Aerial_KY_5k_Tiles check "ftp://ftp.kymartian.ky.gov/kyaped/franklin2012/" VB #</Process><Process ToolSource="c:\program files (x86)\arcgis\desktop10.2\ArcToolbox\Toolboxes\Data Management Tools.tbx\CalculateField" Date="20150319" Time="140250">CalculateField Aerial_KY_5k_Tiles Status "Complete" VB #</Process></lineage><itemProps><itemLocation><linkage Sync="TRUE">file://\\eas\dfs\cothome\kimberly.anness\Documents\KYAPED_Program\Inventory\KYAPEDP_Inventory.gdb</linkage><protocol Sync="TRUE">Local Area Network</protocol></itemLocation></itemProps></DataProperties></Esri></metadata>
